{
  "type": "minecraft:crafting_shapeless",
  "ingredients": [
    {
      "tag": "minecraft:small_flowers"
    },
    {
      "tag": "minecraft:small_flowers"
    },
    [
      {
        "item": "minecraft:cod"
      },
      {
        "item": "minecraft:salmon"
      },
      {
        "item": "minecraft:tropical_fish"
      },
      {
        "item": "minecraft:pufferfish"
      }
    ],
    {
      "item": "minecraft:bone_meal"
    }
  ],
  "result": {
    "item": "create:tree_fertilizer",
    "count": 2
  }
}