{
  "type": "create:sequenced_assembly",
  "ingredient": {
    "item": "create:precision_mechanism"
  },
  "transitionalItem": {
    "item": "kubejs:incomplete_pearly_mechanism"
  },
  "sequence": [
    {
      "type": "create:deploying",
      "ingredients": [
        {
          "item": "kubejs:incomplete_pearly_mechanism"
        },
        {
          "item": "create:cogwheel"
        }
      ],
      "results": [
        {
          "item": "kubejs:incomplete_pearly_mechanism"
        }
      ]
    },
    {
      "type": "create:deploying",
      "ingredients": [
        {
          "item": "kubejs:incomplete_pearly_mechanism"
        },
        {
          "item": "create:electron_tube"
        }
      ],
      "results": [
        {
          "item": "kubejs:incomplete_pearly_mechanism"
        }
      ]
    },
    {
      "type": "create:deploying",
      "ingredients": [
        {
          "item": "kubejs:incomplete_pearly_mechanism"
        },
        {
          "item": "kubejs:pearl"
        }
      ],
      "results": [
        {
          "item": "kubejs:incomplete_pearly_mechanism"
        }
      ]
    },
    {
      "type": "create:pressing",
      "ingredients": [
        {
          "item": "kubejs:incomplete_pearly_mechanism"
        }
      ],
      "results": [
        {
          "item": "kubejs:incomplete_pearly_mechanism"
        }
      ]
    }
  ],
  "results": [
    {
      "item": "kubejs:pearly_mechanism",
      "chance": 120.0
    },
    {
      "item": "create:golden_sheet",
      "chance": 8.0
    },
    {
      "item": "kubejs:pearl",
      "chance": 8.0
    },
    {
      "item": "create:cogwheel",
      "chance": 5.0
    },
    {
      "item": "create:electron_tube",
      "chance": 2.0
    },
    {
      "item": "create:crushed_gold_ore",
      "chance": 2.0
    },
    {
      "item": "minecraft:gold_nugget",
      "chance": 2.0
    },
    {
      "item": "minecraft:steel_ingot"
    },
    {
      "item": "minecraft:compass"
    }
  ],
  "loops": 5
}