{
  "type": "create:mechanical_crafting",
  "pattern": [
    "  G  ",
    " GPG ",
    "GPEPG",
    " GTG ",
    "  G  "
  ],
  "key": {
    "G": {
      "item": "minecraft:glass"
    },
    "P": {
      "item": "minecraft:popped_chorus_fruit"
    },
    "T": {
      "item": "minecraft:ghast_tear"
    },
    "E": {
      "item": "supplementaries:end_stone_lamp"
    }
  },
  "result": {
    "item": "minecraft:end_crystal",
    "count": 1
  },
  "acceptMirrored": false
}