{
  "type": "create:mechanical_crafting",
  "pattern": [
    " BBB ",
    "BEMHB",
    "BSPSB",
    "BHMEB",
    " BBB "
  ],
  "key": {
    "P": {
      "item": "minecraft:ender_pearl"
    },
    "M": {
      "item": "kubejs:pearly_mechanism"
    },
    "E": {
      "item": "minecraft:emerald"
    },
    "H": {
      "item": "minecraft:honeycomb"
    },
    "S": {
      "item": "minecraft:phantom_membrane"
    },
    "B": {
      "item": "minecraft:blaze_powder"
    }
  },
  "result": {
    "item": "minecraft:ender_eye",
    "count": 1
  },
  "acceptMirrored": true
}