{
  "type": "create:mixing",
  "ingredients": [
    {
      "item": "minecraft:gold_ingot"
    },
    {
      "item": "minecraft:gold_ingot"
    },
    {
      "item": "minecraft:gold_ingot"
    },
    {
      "item": "minecraft:netherite_scrap"
    },
    {
      "item": "minecraft:netherite_scrap"
    },
    {
      "item": "minecraft:netherite_scrap"
    }
  ],
  "results": [
    {
      "item": "minecraft:netherite_ingot"
    }
  ],
  "heatRequirement": "superheated"
}